UF de notificação;Ano;Ign/Branco;Analfabeto;1ª a 4ª série incompleta do EF;4ª série completa do EF;5ª a 8ª série incompleta do EF;Ensino fundamental completo;Ensino médio incompleto;Ensino médio completo;Educação superior incompleta;Educação superior completa;Não se aplica
11 Rondônia;2001;47;201;6;1;925;-;85;-;-;12;12
12 Acre;2001;337;35;44;11;13;1;6;-;-;5;3
13 Amazonas;2001;1429;11;3;11;3;-;1;-;-;1;1
14 Roraima;2001;36;54;88;-;82;-;74;-;-;15;5
15 Pará;2001;889;1344;130;1;2770;-;374;1;-;27;284
16 Amapá;2001;46;16;17;-;43;-;20;-;-;4;8
17 Tocantins;2001;45;236;234;11;538;7;181;1;-;35;14
21 Maranhão;2001;435;1624;145;3;2267;-;436;-;-;52;131
22 Piauí;2001;191;516;4;1;992;-;190;-;-;20;55
23 Ceará;2001;376;993;7;-;1284;-;219;-;-;29;49
24 Rio Grande do Norte;2001;34;65;1;-;108;-;40;-;-;4;1
25 Paraíba;2001;186;200;70;-;309;-;64;-;-;43;20
26 Pernambuco;2001;421;514;56;3;1905;-;404;-;-;63;80
27 Alagoas;2001;64;74;21;1;173;-;34;-;-;7;7
28 Sergipe;2001;73;65;80;-;58;-;32;-;-;16;3
29 Bahia;2001;676;520;31;-;985;-;237;-;-;17;27
31 Minas Gerais;2001;436;652;317;2;1212;-;282;-;-;75;23
32 Espírito Santo;2001;156;364;120;5;679;5;209;-;-;34;13
33 Rio de Janeiro;2001;629;317;73;1;1705;1;377;-;-;78;62
35 São Paulo;2001;310;543;162;4;2060;4;348;1;-;76;30
41 Paraná;2001;127;436;41;5;977;-;134;-;-;29;36
42 Santa Catarina;2001;10;23;28;-;115;-;14;-;-;6;1
43 Rio Grande do Sul;2001;30;24;34;-;101;-;29;-;-;11;2
50 Mato Grosso do Sul;2001;190;95;13;1;204;1;63;-;-;38;13
51 Mato Grosso;2001;199;713;434;2;2080;6;392;1;1;72;81
52 Goiás;2001;312;543;3;-;2000;1;331;-;-;40;119
53 Distrito Federal;2001;121;77;3;-;236;-;56;-;-;3;5
11 Rondônia;2002;44;181;416;-;474;-;179;-;54;22
12 Acre;2002;94;93;73;1;88;1;53;-;12;6
13 Amazonas;2002;1504;12;14;3;17;-;3;1;-;5
14 Roraima;2002;18;56;78;-;116;-;76;-;24;5
15 Pará;2002;678;1388;1244;2;2480;-;600;-;106;216
16 Amapá;2002;23;38;57;-;61;-;31;-;5;3
17 Tocantins;2002;37;225;395;4;410;4;245;-;49;15
21 Maranhão;2002;483;1346;1138;-;1603;1;628;2;195;117
22 Piauí;2002;190;450;78;-;847;-;189;-;19;79
23 Ceará;2002;487;740;21;-;1306;1;177;-;19;39
24 Rio Grande do Norte;2002;55;48;2;-;111;-;44;-;7;5
25 Paraíba;2002;150;205;144;-;290;-;105;-;39;41
26 Pernambuco;2002;632;511;572;1;1344;2;446;-;144;72
27 Alagoas;2002;55;104;107;-;99;-;49;-;15;11
28 Sergipe;2002;100;84;101;-;125;-;66;-;16;8
29 Bahia;2002;415;557;263;-;791;-;551;1;66;63
31 Minas Gerais;2002;569;594;368;2;1578;1;441;-;133;27
32 Espírito Santo;2002;209;276;396;3;542;-;293;1;75;24
33 Rio de Janeiro;2002;684;341;387;1;1631;-;523;-;126;67
35 São Paulo;2002;380;463;848;-;1129;1;464;1;144;34
41 Paraná;2002;152;402;105;6;961;4;226;-;42;80
42 Santa Catarina;2002;12;26;84;-;85;-;37;-;13;2
43 Rio Grande do Sul;2002;20;28;73;-;121;-;29;-;16;4
50 Mato Grosso do Sul;2002;110;125;160;-;165;-;82;-;38;11
51 Mato Grosso;2002;188;620;1155;4;1262;3;583;1;127;74
52 Goiás;2002;563;602;21;1;1908;1;467;1;63;145
53 Distrito Federal;2002;69;77;86;-;165;-;94;-;24;22
11 Rondônia;2003;44;196;409;-;570;-;250;1;-;51;30
12 Acre;2003;103;147;62;6;96;4;47;-;1;8;4
13 Amazonas;2003;276;141;267;1;331;-;187;-;-;68;34
14 Roraima;2003;7;49;89;-;105;-;96;-;-;22;5
15 Pará;2003;675;1058;2174;-;1963;-;877;-;-;219;137
16 Amapá;2003;13;44;50;-;84;-;73;-;-;6;3
17 Tocantins;2003;47;236;379;12;436;3;305;3;-;73;20
21 Maranhão;2003;296;1386;1473;-;1471;1;841;-;-;192;113
22 Piauí;2003;146;541;469;-;550;-;241;-;-;97;43
23 Ceará;2003;670;664;678;2;770;-;281;-;-;109;47
24 Rio Grande do Norte;2003;40;41;45;-;76;-;56;-;-;10;12
25 Paraíba;2003;117;249;199;-;271;-;126;-;-;46;17
26 Pernambuco;2003;693;506;933;-;1047;1;650;-;-;240;120
27 Alagoas;2003;89;114;132;1;156;-;80;-;-;21;8
28 Sergipe;2003;102;78;169;-;168;-;88;-;-;52;12
29 Bahia;2003;384;661;853;-;891;-;555;1;-;177;100
31 Minas Gerais;2003;523;565;260;1;1681;-;494;-;-;124;25
32 Espírito Santo;2003;135;293;431;2;613;1;355;1;-;85;21
33 Rio de Janeiro;2003;569;257;663;1;1117;-;542;-;-;179;59
35 São Paulo;2003;331;473;908;5;1111;-;575;-;-;171;20
41 Paraná;2003;139;369;683;2;510;1;253;1;-;73;26
42 Santa Catarina;2003;10;24;80;-;123;-;40;-;-;13;6
43 Rio Grande do Sul;2003;21;20;65;-;92;-;40;-;-;25;-
50 Mato Grosso do Sul;2003;88;113;247;2;194;-;104;1;-;42;9
51 Mato Grosso;2003;146;607;1221;3;1485;1;641;1;-;195;58
52 Goiás;2003;366;537;1203;-;1074;2;510;-;-;170;77
53 Distrito Federal;2003;58;59;97;-;154;-;106;-;-;39;5
11 Rondônia;2004;47;159;448;-;544;-;233;-;-;31;41
12 Acre;2004;87;53;69;6;94;4;49;-;-;7;5
13 Amazonas;2004;190;148;298;-;314;-;201;-;-;76;23
14 Roraima;2004;10;37;74;-;102;-;80;-;-;29;10
15 Pará;2004;523;1045;2127;-;1952;-;933;-;-;199;143
16 Amapá;2004;55;38;39;-;49;-;35;-;-;13;4
17 Tocantins;2004;14;228;393;5;503;5;293;4;-;63;26
21 Maranhão;2004;329;1324;1560;2;1504;-;960;-;-;238;114
22 Piauí;2004;101;453;522;-;471;-;301;-;-;90;32
23 Ceará;2004;759;567;738;3;577;-;293;-;-;105;34
24 Rio Grande do Norte;2004;25;82;82;-;95;-;55;-;-;11;16
25 Paraíba;2004;120;225;230;-;243;-;138;-;-;34;18
26 Pernambuco;2004;788;433;775;-;1022;-;581;-;-;235;98
27 Alagoas;2004;95;106;87;1;112;-;70;-;1;25;7
28 Sergipe;2004;104;91;127;-;192;-;111;-;-;23;14
29 Bahia;2004;520;751;1071;-;1106;-;629;-;-;181;97
31 Minas Gerais;2004;418;488;481;1;1393;1;478;-;-;150;16
32 Espírito Santo;2004;149;224;396;1;526;1;339;-;-;58;20
33 Rio de Janeiro;2004;609;255;585;-;1040;-;572;3;2;178;50
35 São Paulo;2004;290;374;777;9;1063;1;550;-;-;183;20
41 Paraná;2004;109;371;631;3;586;-;281;-;1;80;43
42 Santa Catarina;2004;11;21;91;-;120;-;40;-;-;16;1
43 Rio Grande do Sul;2004;15;23;63;-;104;-;33;-;-;30;1
50 Mato Grosso do Sul;2004;109;104;208;2;194;-;118;1;-;48;6
51 Mato Grosso;2004;123;564;1101;2;1258;3;650;-;-;180;55
52 Goiás;2004;263;449;1182;5;1240;2;537;-;-;202;40
53 Distrito Federal;2004;65;56;84;-;138;-;93;-;-;18;3
11 Rondônia;2005;52;184;412;1;459;1;253;-;43;32
12 Acre;2005;84;59;89;6;85;3;62;-;11;4
13 Amazonas;2005;166;123;288;1;299;-;172;-;72;18
14 Roraima;2005;14;34;77;-;91;-;76;-;17;6
15 Pará;2005;541;839;1870;1;1822;4;958;-;203;114
16 Amapá;2005;32;26;49;-;55;-;35;-;11;3
17 Tocantins;2005;28;222;357;12;487;6;286;1;69;17
21 Maranhão;2005;323;1384;1609;5;1736;-;1072;1;253;114
22 Piauí;2005;104;512;506;-;479;-;282;-;139;56
23 Ceará;2005;639;571;771;1;642;-;327;-;111;47
24 Rio Grande do Norte;2005;48;96;109;-;147;-;89;-;37;12
25 Paraíba;2005;148;198;252;-;291;1;145;-;78;18
26 Pernambuco;2005;806;398;838;2;912;1;590;1;224;99
27 Alagoas;2005;105;100;85;-;125;-;76;-;20;7
28 Sergipe;2005;85;123;146;-;225;-;142;-;33;16
29 Bahia;2005;638;692;922;1;981;-;627;-;177;71
31 Minas Gerais;2005;446;506;619;1;1050;-;489;1;132;24
32 Espírito Santo;2005;117;212;387;1;502;3;329;1;72;23
33 Rio de Janeiro;2005;535;219;534;3;948;3;553;2;177;55
35 São Paulo;2005;284;359;730;4;1053;4;551;1;169;16
41 Paraná;2005;116;319;643;4;519;3;232;1;67;8
42 Santa Catarina;2005;10;28;77;1;119;-;31;-;12;4
43 Rio Grande do Sul;2005;25;18;69;-;101;-;45;-;16;3
50 Mato Grosso do Sul;2005;125;77;176;-;159;-;109;-;49;5
51 Mato Grosso;2005;151;620;1171;4;1327;2;686;2;179;46
52 Goiás;2005;445;418;985;5;1161;4;616;-;174;43
53 Distrito Federal;2005;81;54;96;-;117;-;80;-;29;6
11 Rondônia;2006;58;149;422;3;555;2;276;-;-;55;11
12 Acre;2006;89;89;115;9;182;5;93;1;-;20;7
13 Amazonas;2006;146;136;290;6;261;-;150;1;-;52;10
14 Roraima;2006;26;38;58;1;103;-;75;-;-;14;3
15 Pará;2006;549;766;1710;18;1668;13;737;-;-;231;78
16 Amapá;2006;76;22;35;1;53;5;23;-;-;26;2
17 Tocantins;2006;24;209;371;14;558;17;350;1;1;104;13
21 Maranhão;2006;270;1154;1392;30;1422;21;931;2;-;196;74
22 Piauí;2006;111;462;453;6;423;2;235;-;-;117;56
23 Ceará;2006;524;489;639;6;586;2;341;-;-;115;25
24 Rio Grande do Norte;2006;23;70;79;2;98;2;48;-;-;25;5
25 Paraíba;2006;144;191;267;5;230;4;142;1;-;77;11
26 Pernambuco;2006;541;454;754;15;1027;6;706;4;-;248;98
27 Alagoas;2006;64;106;95;4;119;2;68;-;-;31;12
28 Sergipe;2006;70;98;157;-;191;1;113;-;-;31;9
29 Bahia;2006;445;604;780;10;979;4;598;2;-;225;62
31 Minas Gerais;2006;407;431;636;3;871;3;344;-;-;130;20
32 Espírito Santo;2006;104;194;275;4;418;1;271;1;-;60;23
33 Rio de Janeiro;2006;518;183;526;21;941;22;567;3;-;199;55
35 São Paulo;2006;245;295;594;19;895;22;495;3;-;147;19
41 Paraná;2006;122;297;595;11;511;11;223;-;-;59;9
42 Santa Catarina;2006;13;18;83;-;103;1;37;-;-;10;-
43 Rio Grande do Sul;2006;24;23;53;1;95;-;44;-;-;22;-
50 Mato Grosso do Sul;2006;129;95;153;2;194;-;89;-;-;35;3
51 Mato Grosso;2006;142;487;1017;8;1179;8;630;3;-;193;37
52 Goiás;2006;254;410;952;23;1176;10;611;3;3;201;33
53 Distrito Federal;2006;49;48;83;2;112;-;83;-;-;36;1
11 Rondônia;2007;94;94;413;176;325;62;68;87;15;21;7
12 Acre;2007;62;26;62;46;59;34;9;8;-;-;10
13 Amazonas;2007;127;52;214;156;157;56;52;71;8;13;12
14 Roraima;2007;28;17;60;22;58;49;16;16;1;-;1
15 Pará;2007;600;368;1354;873;1096;461;247;186;23;17;39
16 Amapá;2007;69;9;34;12;17;10;5;9;1;3;2
17 Tocantins;2007;66;100;342;232;367;157;114;113;22;23;12
21 Maranhão;2007;360;684;1325;551;873;343;275;368;29;43;39
22 Piauí;2007;145;212;456;193;266;96;114;156;9;21;16
23 Ceará;2007;937;208;597;299;369;154;87;117;4;24;26
24 Rio Grande do Norte;2007;102;37;93;50;65;23;28;23;1;3;4
25 Paraíba;2007;200;76;232;112;119;57;56;49;8;17;5
26 Pernambuco;2007;692;228;653;426;597;308;217;197;19;54;85
27 Alagoas;2007;79;40;102;44;79;31;24;40;-;5;1
28 Sergipe;2007;134;45;131;95;106;60;35;22;3;10;9
29 Bahia;2007;602;230;790;418;568;266;190;219;26;33;27
31 Minas Gerais;2007;516;273;608;257;359;131;101;135;12;38;8
32 Espírito Santo;2007;109;95;310;168;266;131;91;115;10;18;12
33 Rio de Janeiro;2007;640;67;347;252;528;248;172;172;28;39;38
35 São Paulo;2007;341;117;464;395;555;358;130;169;18;41;19
41 Paraná;2007;155;167;435;319;241;87;60;49;10;22;2
42 Santa Catarina;2007;34;6;44;42;64;29;16;15;3;3;1
43 Rio Grande do Sul;2007;37;10;48;29;50;16;11;12;5;8;-
50 Mato Grosso do Sul;2007;77;25;131;129;159;75;33;23;5;8;-
51 Mato Grosso;2007;156;289;860;573;751;313;174;186;29;43;19
52 Goiás;2007;333;204;794;436;587;268;224;218;36;49;23
53 Distrito Federal;2007;94;24;64;51;62;40;27;20;2;7;-
11 Rondônia;2008;91;123;326;166;294;60;71;88;11;13;8
12 Acre;2008;16;45;93;28;54;36;10;8;1;4;3
13 Amazonas;2008;116;99;248;80;174;57;51;102;14;10;8
14 Roraima;2008;23;14;57;10;54;19;16;28;6;5;-
15 Pará;2008;674;493;1521;715;991;342;334;364;44;35;46
16 Amapá;2008;14;28;71;13;43;20;18;27;5;4;5
17 Tocantins;2008;90;135;390;148;307;135;143;202;37;53;20
21 Maranhão;2008;342;863;1394;527;802;307;274;491;37;53;62
22 Piauí;2008;194;376;673;200;310;122;147;204;31;25;30
23 Ceará;2008;984;293;506;261;339;133;114;164;18;27;24
24 Rio Grande do Norte;2008;70;35;77;30;48;11;16;27;4;2;2
25 Paraíba;2008;198;90;209;73;123;60;47;49;9;20;10
26 Pernambuco;2008;817;222;670;342;439;189;218;283;23;50;67
27 Alagoas;2008;84;48;106;43;81;21;18;44;-;5;4
28 Sergipe;2008;95;46;108;57;80;57;36;35;4;13;6
29 Bahia;2008;660;242;891;307;521;208;186;298;22;30;36
31 Minas Gerais;2008;473;254;546;228;275;101;88;145;19;29;14
32 Espírito Santo;2008;116;101;310;154;233;91;79;124;18;21;13
33 Rio de Janeiro;2008;640;77;352;233;416;230;151;165;30;45;30
35 São Paulo;2008;346;145;549;347;505;303;147;203;25;56;15
41 Paraná;2008;132;167;471;267;209;90;71;101;9;25;2
42 Santa Catarina;2008;47;9;49;41;43;24;9;16;4;3;2
43 Rio Grande do Sul;2008;44;8;55;28;44;22;13;5;5;3;-
50 Mato Grosso do Sul;2008;103;45;188;112;119;54;44;39;5;14;7
51 Mato Grosso;2008;205;254;819;378;637;290;198;258;48;66;29
52 Goiás;2008;438;239;766;427;569;220;225;262;47;57;20
53 Distrito Federal;2008;100;16;59;37;68;30;15;41;4;11;3
11 Rondônia;2009;129;100;342;123;277;59;53;108;11;15;11
12 Acre;2009;12;48;76;37;63;29;8;5;9;2;-
13 Amazonas;2009;110;80;233;77;154;48;58;99;19;18;9
14 Roraima;2009;25;20;37;18;22;16;17;28;4;1;2
15 Pará;2009;629;468;1470;575;887;301;294;328;28;44;43
16 Amapá;2009;16;43;61;9;43;18;20;40;6;6;5
17 Tocantins;2009;89;116;375;148;253;87;93;140;29;42;13
21 Maranhão;2009;347;801;1232;439;765;268;262;469;38;59;53
22 Piauí;2009;155;299;467;169;222;90;97;161;26;18;13
23 Ceará;2009;853;303;501;250;300;103;77;185;7;22;14
24 Rio Grande do Norte;2009;65;30;89;26;55;23;27;27;3;8;2
25 Paraíba;2009;169;112;195;66;129;63;44;64;8;19;5
26 Pernambuco;2009;865;261;784;343;519;195;224;321;36;41;58
27 Alagoas;2009;109;63;103;35;76;20;32;23;11;6;3
28 Sergipe;2009;88;66;131;65;93;52;40;50;8;21;-
29 Bahia;2009;667;311;753;290;559;156;170;361;23;49;33
31 Minas Gerais;2009;416;217;546;210;281;97;85;142;26;43;11
32 Espírito Santo;2009;97;116;303;138;209;77;91;138;18;27;10
33 Rio de Janeiro;2009;625;89;369;214;396;191;130;209;23;50;33
35 São Paulo;2009;360;114;495;283;442;255;116;227;21;58;16
41 Paraná;2009;130;135;500;225;174;72;54;97;9;18;2
42 Santa Catarina;2009;49;8;55;37;33;14;11;14;1;3;-
43 Rio Grande do Sul;2009;44;13;48;20;37;14;9;14;1;8;-
50 Mato Grosso do Sul;2009;111;63;219;117;110;58;32;44;10;16;6
51 Mato Grosso;2009;185;319;823;358;608;218;223;274;48;70;28
52 Goiás;2009;473;270;716;350;566;225;222;306;38;66;12
53 Distrito Federal;2009;100;24;59;25;69;22;25;29;7;7;-
11 Rondônia;2010;86;67;305;137;267;41;47;81;19;24;6
12 Acre;2010;6;55;65;35;42;30;9;17;8;6;3
13 Amazonas;2010;96;89;234;60;168;53;60;87;8;21;7
14 Roraima;2010;22;11;44;10;18;14;10;22;7;2;1
15 Pará;2010;555;453;1279;455;797;250;286;369;37;38;56
16 Amapá;2010;23;27;40;9;30;6;11;36;1;4;1
17 Tocantins;2010;139;119;303;121;225;78;90;156;31;42;11
21 Maranhão;2010;472;760;1275;386;764;275;284;511;43;64;54
22 Piauí;2010;171;273;538;150;251;107;117;193;25;28;13
23 Ceará;2010;1004;267;436;164;250;86;84;146;4;22;13
24 Rio Grande do Norte;2010;41;40;84;27;41;10;23;31;2;12;1
25 Paraíba;2010;187;81;158;63;83;44;40;64;6;25;10
26 Pernambuco;2010;844;262;665;286;451;153;213;260;30;60;56
27 Alagoas;2010;132;75;88;34;70;16;16;33;9;4;2
28 Sergipe;2010;70;48;117;41;68;36;47;48;5;12;2
29 Bahia;2010;681;310;760;225;504;139;135;385;38;40;22
31 Minas Gerais;2010;371;194;466;174;217;102;74;143;23;32;14
32 Espírito Santo;2010;85;106;255;114;181;85;96;142;16;28;16
33 Rio de Janeiro;2010;587;95;339;243;325;159;100;213;27;34;31
35 São Paulo;2010;352;139;437;234;385;221;132;259;30;46;12
41 Paraná;2010;122;126;393;202;189;74;59;89;15;32;2
42 Santa Catarina;2010;51;10;57;32;39;17;14;20;-;2;-
43 Rio Grande do Sul;2010;40;8;52;10;34;12;5;10;2;6;1
50 Mato Grosso do Sul;2010;179;99;195;98;102;40;32;47;8;11;10
51 Mato Grosso;2010;245;303;830;317;601;215;214;288;37;75;24
52 Goiás;2010;485;205;646;357;505;225;192;240;43;78;19
53 Distrito Federal;2010;89;23;70;19;49;17;28;28;7;7;2
11 Rondônia;2011;80;75;288;119;205;41;67;83;15;19;5
12 Acre;2011;14;50;59;38;34;18;13;17;7;9;1
13 Amazonas;2011;82;63;212;46;147;37;49;96;9;13;2
14 Roraima;2011;21;11;34;15;15;8;8;19;5;4;1
15 Pará;2011;559;446;1326;412;836;245;326;403;37;58;38
16 Amapá;2011;20;20;48;19;44;10;22;29;4;5;7
17 Tocantins;2011;192;122;271;111;187;70;79;145;21;46;10
21 Maranhão;2011;449;737;1174;404;694;286;259;514;42;70;61
22 Piauí;2011;129;236;373;115;201;84;87;164;18;27;12
23 Ceará;2011;995;210;390;172;196;80;69;139;10;19;12
24 Rio Grande do Norte;2011;49;39;79;21;30;14;20;37;3;8;2
25 Paraíba;2011;196;101;188;83;104;43;33;71;11;23;10
26 Pernambuco;2011;845;259;663;262;444;169;163;255;14;64;61
27 Alagoas;2011;109;75;87;17;63;17;27;32;10;6;5
28 Sergipe;2011;65;48;146;32;91;33;28;49;9;15;2
29 Bahia;2011;681;331;773;228;382;149;185;408;28;42;30
31 Minas Gerais;2011;410;201;418;185;227;90;69;124;12;35;5
32 Espírito Santo;2011;61;111;267;125;225;60;78;145;20;27;13
33 Rio de Janeiro;2011;652;85;289;201;323;125;123;220;28;40;15
35 São Paulo;2011;377;117;406;224;370;228;102;267;29;62;10
41 Paraná;2011;119;135;392;170;188;70;43;87;7;13;2
42 Santa Catarina;2011;55;13;59;37;46;21;10;23;6;6;1
43 Rio Grande do Sul;2011;34;11;43;15;40;20;6;17;-;7;-
50 Mato Grosso do Sul;2011;221;104;222;81;136;58;45;59;13;19;3
51 Mato Grosso;2011;230;323;867;331;598;234;208;349;43;78;23
52 Goiás;2011;501;194;605;281;428;179;182;237;28;74;19
53 Distrito Federal;2011;72;26;48;27;52;13;23;29;6;9;1
11 Rondônia;2012;108;72;235;88;165;70;57;112;18;21;4
12 Acre;2012;15;27;46;28;36;7;19;18;6;2;1
13 Amazonas;2012;142;63;188;49;129;57;50;97;22;16;10
14 Roraima;2012;32;20;32;16;23;14;12;23;3;6;2
15 Pará;2012;673;474;1303;403;840;223;272;391;33;55;38
16 Amapá;2012;22;37;36;11;32;10;13;34;2;5;2
17 Tocantins;2012;154;128;280;86;184;70;96;148;17;44;15
21 Maranhão;2012;474;780;1179;374;680;273;288;532;47;82;55
22 Piauí;2012;148;210;354;93;191;73;98;134;29;34;11
23 Ceará;2012;1031;259;426;132;222;86;80;138;10;24;18
24 Rio Grande do Norte;2012;59;46;105;26;43;14;25;31;5;13;-
25 Paraíba;2012;185;87;167;95;123;37;33;80;6;20;4
26 Pernambuco;2012;716;304;691;257;420;132;173;313;22;56;50
27 Alagoas;2012;97;87;100;35;68;25;34;59;5;14;6
28 Sergipe;2012;70;60;133;48;87;21;43;60;12;22;6
29 Bahia;2012;730;275;708;212;395;146;150;355;20;51;23
31 Minas Gerais;2012;463;151;406;164;194;77;63;135;14;26;12
32 Espírito Santo;2012;74;81;205;78;156;35;68;125;12;29;12
33 Rio de Janeiro;2012;567;64;307;156;270;101;94;196;17;42;24
35 São Paulo;2012;371;123;409;215;318;196;106;289;27;73;6
41 Paraná;2012;121;143;363;167;158;62;47;84;12;24;6
42 Santa Catarina;2012;77;8;62;28;36;16;6;23;3;2;2
43 Rio Grande do Sul;2012;46;12;35;20;39;6;10;12;5;12;1
50 Mato Grosso do Sul;2012;256;85;258;91;154;69;46;81;10;25;4
51 Mato Grosso;2012;275;320;792;312;588;220;224;378;42;84;21
52 Goiás;2012;450;214;576;281;442;174;169;266;36;51;9
53 Distrito Federal;2012;62;27;52;34;60;26;27;35;11;10;-
11 Rondônia;2013;81;72;247;67;162;57;65;88;13;19;9
12 Acre;2013;28;19;37;12;25;10;14;9;1;3;-
13 Amazonas;2013;128;62;221;44;132;44;43;115;12;27;11
14 Roraima;2013;41;13;32;11;18;9;5;25;5;3;1
15 Pará;2013;573;374;1213;320;733;169;231;343;41;53;34
16 Amapá;2013;22;19;34;12;24;12;14;25;3;13;-
17 Tocantins;2013;143;95;266;82;148;58;84;170;12;40;15
21 Maranhão;2013;492;771;1104;359;707;276;302;578;57;81;46
22 Piauí;2013;160;176;333;100;198;61;85;131;25;26;5
23 Ceará;2013;888;265;443;144;274;96;86;168;19;21;15
24 Rio Grande do Norte;2013;66;36;86;21;45;15;13;31;4;5;1
25 Paraíba;2013;169;91;186;51;102;37;32;74;6;17;5
26 Pernambuco;2013;829;262;615;247;474;154;167;291;23;54;58
27 Alagoas;2013;70;81;89;33;57;19;15;39;7;8;2
28 Sergipe;2013;63;57;100;29;56;35;27;62;4;19;4
29 Bahia;2013;607;249;686;157;345;111;149;299;35;72;27
31 Minas Gerais;2013;410;135;335;136;163;73;49;111;11;33;10
32 Espírito Santo;2013;79;70;179;86;144;52;60;111;15;22;5
33 Rio de Janeiro;2013;395;55;264;147;248;93;94;178;23;40;13
35 São Paulo;2013;361;103;371;187;302;209;112;233;29;54;6
41 Paraná;2013;120;117;337;143;143;62;45;76;12;21;6
42 Santa Catarina;2013;47;7;42;28;33;10;6;12;4;5;1
43 Rio Grande do Sul;2013;34;7;46;27;27;10;8;11;7;10;1
50 Mato Grosso do Sul;2013;296;74;223;81;132;48;45;60;10;14;8
51 Mato Grosso;2013;294;330;759;296;715;216;293;427;86;115;18
52 Goiás;2013;381;158;485;226;357;194;170;274;31;51;22
53 Distrito Federal;2013;58;25;68;24;44;20;18;35;9;12;2
11 Rondônia;2014;79;71;203;80;141;35;60;107;18;18;5
12 Acre;2014;31;15;38;9;23;12;5;14;5;2;1
13 Amazonas;2014;125;63;147;43;120;36;44;109;10;20;3
14 Roraima;2014;30;3;13;5;10;7;8;19;-;2;-
15 Pará;2014;539;366;1121;277;787;207;258;407;30;65;31
16 Amapá;2014;44;10;35;9;27;12;12;33;3;4;3
17 Tocantins;2014;175;101;232;90;203;69;111;186;17;51;14
21 Maranhão;2014;411;728;1042;295;704;263;308;554;49;85;44
22 Piauí;2014;175;195;331;92;181;62;98;165;18;39;9
23 Ceará;2014;610;301;495;122;314;127;118;189;29;45;20
24 Rio Grande do Norte;2014;65;41;77;22;48;14;16;25;5;4;3
25 Paraíba;2014;182;89;155;50;89;30;25;64;3;25;6
26 Pernambuco;2014;859;267;613;245;468;128;133;293;30;58;45
27 Alagoas;2014;75;65;89;26;63;21;13;37;2;11;3
28 Sergipe;2014;69;57;121;34;73;26;24;60;8;9;3
29 Bahia;2014;702;310;746;190;438;111;170;411;23;59;24
31 Minas Gerais;2014;422;117;310;136;161;52;47;129;18;37;8
32 Espírito Santo;2014;61;54;155;74;114;45;60;115;15;23;4
33 Rio de Janeiro;2014;416;70;221;112;185;103;80;169;26;36;14
35 São Paulo;2014;380;91;335;165;308;182;132;239;19;51;1
41 Paraná;2014;108;92;299;90;114;63;45;76;12;27;1
42 Santa Catarina;2014;53;13;30;23;40;15;7;8;3;3;1
43 Rio Grande do Sul;2014;42;13;44;10;28;11;11;18;3;8;-
50 Mato Grosso do Sul;2014;243;125;290;128;210;55;75;109;15;28;7
51 Mato Grosso;2014;295;337;875;315;745;235;279;515;80;113;23
52 Goiás;2014;357;161;447;218;396;165;153;290;33;55;11
53 Distrito Federal;2014;101;25;70;40;69;40;46;50;10;18;5
11 Rondônia;2015;60;60;184;67;132;40;43;75;13;18;3
12 Acre;2015;36;22;28;3;24;9;2;9;6;3;1
13 Amazonas;2015;135;49;144;42;91;28;36;91;9;14;8
14 Roraima;2015;12;7;23;12;14;7;14;16;4;6;-
15 Pará;2015;495;361;1061;282;685;165;220;426;47;66;24
16 Amapá;2015;23;20;44;5;19;9;13;16;1;4;1
17 Tocantins;2015;146;103;228;65;161;57;71;173;22;31;12
21 Maranhão;2015;367;743;986;325;733;264;274;591;41;74;37
22 Piauí;2015;219;194;334;89;158;64;70;129;23;30;11
23 Ceará;2015;606;262;451;103;287;92;97;184;24;37;14
24 Rio Grande do Norte;2015;39;42;83;26;50;21;22;19;-;2;3
25 Paraíba;2015;188;71;135;60;61;23;30;41;6;27;3
26 Pernambuco;2015;794;244;548;222;366;122;155;273;25;56;51
27 Alagoas;2015;57;79;98;20;83;15;25;31;7;12;2
28 Sergipe;2015;88;57;94;26;68;37;22;36;4;18;-
29 Bahia;2015;691;259;621;173;471;137;154;402;36;98;28
31 Minas Gerais;2015;369;115;298;124;159;78;53;123;15;33;4
32 Espírito Santo;2015;53;80;130;66;138;51;57;87;14;26;7
33 Rio de Janeiro;2015;380;54;215;122;185;81;92;167;32;48;7
35 São Paulo;2015;364;72;285;136;233;183;99;221;24;65;1
41 Paraná;2015;121;85;268;106;139;52;54;85;10;20;-
42 Santa Catarina;2015;39;7;37;32;49;13;10;15;1;3;-
43 Rio Grande do Sul;2015;26;7;26;8;36;19;9;15;3;9;-
50 Mato Grosso do Sul;2015;254;75;201;64;137;48;44;81;13;17;6
51 Mato Grosso;2015;387;295;905;314;668;247;296;497;66;153;19
52 Goiás;2015;315;160;458;221;274;162;178;266;33;57;8
53 Distrito Federal;2015;76;17;46;28;55;38;30;38;12;18;2
11 Rondônia;2016;67;43;147;50;94;33;33;85;9;17;1
12 Acre;2016;19;16;39;8;21;10;6;12;-;5;-
13 Amazonas;2016;92;34;141;46;103;34;32;70;6;12;2
14 Roraima;2016;14;10;21;6;20;3;5;19;1;7;1
15 Pará;2016;417;306;801;225;632;128;220;347;37;54;26
16 Amapá;2016;11;8;14;13;24;10;14;22;5;4;-
17 Tocantins;2016;209;144;363;84;259;116;131;285;36;86;11
21 Maranhão;2016;453;600;957;245;638;263;264;597;48;83;48
22 Piauí;2016;197;156;242;61;150;44;68;136;30;56;6
23 Ceará;2016;507;267;429;133;241;96;94;188;21;41;17
24 Rio Grande do Norte;2016;31;32;53;16;27;11;19;22;-;7;4
25 Paraíba;2016;145;61;112;34;47;21;27;50;13;14;6
26 Pernambuco;2016;772;186;400;147;302;103;138;263;16;51;42
27 Alagoas;2016;42;48;68;21;51;17;22;35;6;9;3
28 Sergipe;2016;89;32;70;31;43;19;18;34;6;10;2
29 Bahia;2016;599;216;546;178;309;123;124;331;32;77;21
31 Minas Gerais;2016;392;104;275;108;161;71;61;131;21;48;7
32 Espírito Santo;2016;32;34;122;43;103;42;35;77;5;18;-
33 Rio de Janeiro;2016;268;84;155;100;172;78;70;159;16;31;8
35 São Paulo;2016;349;69;292;165;244;174;106;275;24;68;4
41 Paraná;2016;107;65;234;99;99;38;32;73;5;16;-
42 Santa Catarina;2016;54;9;33;19;29;15;6;20;1;5;-
43 Rio Grande do Sul;2016;26;5;28;19;35;8;10;12;3;6;1
50 Mato Grosso do Sul;2016;140;41;131;37;90;30;33;41;4;10;3
51 Mato Grosso;2016;406;280;689;300;583;254;283;484;78;157;26
52 Goiás;2016;257;131;353;151;309;105;138;262;27;64;11
53 Distrito Federal;2016;94;14;36;23;35;27;15;28;4;15;2
11 Rondônia;2017;65;48;135;62;131;36;31;93;12;14;2
12 Acre;2017;18;24;55;8;18;4;16;15;4;3;1
13 Amazonas;2017;76;59;100;48;99;41;37;84;4;14;3
14 Roraima;2017;56;15;17;12;36;8;13;31;4;6;-
15 Pará;2017;448;313;841;202;663;152;229;383;39;80;20
16 Amapá;2017;10;18;26;14;21;11;15;23;3;9;-
17 Tocantins;2017;340;114;258;86;206;121;146;277;39;86;9
21 Maranhão;2017;582;658;917;261;647;235;279;578;49;99;56
22 Piauí;2017;248;170;307;81;170;57;85;166;25;46;15
23 Ceará;2017;453;222;417;117;233;78;90;178;16;40;10
24 Rio Grande do Norte;2017;52;36;71;15;45;17;16;38;2;4;1
25 Paraíba;2017;168;74;125;44;61;28;31;47;5;11;9
26 Pernambuco;2017;1050;260;502;199;379;117;165;348;35;78;50
27 Alagoas;2017;81;58;78;24;72;13;22;44;4;4;2
28 Sergipe;2017;100;57;97;27;58;22;28;49;9;14;3
29 Bahia;2017;728;217;534;193;363;174;144;363;31;70;28
31 Minas Gerais;2017;335;103;302;133;173;71;79;149;17;44;7
32 Espírito Santo;2017;77;33;91;40;119;35;37;95;11;20;2
33 Rio de Janeiro;2017;260;98;169;97;179;87;58;193;15;34;4
35 São Paulo;2017;319;61;261;164;225;156;99;245;18;61;5
41 Paraná;2017;118;71;174;81;91;63;35;76;12;28;2
42 Santa Catarina;2017;42;5;26;10;32;16;8;16;3;5;-
43 Rio Grande do Sul;2017;26;7;41;14;23;14;5;23;8;9;-
50 Mato Grosso do Sul;2017;150;48;116;37;92;36;24;49;7;12;-
51 Mato Grosso;2017;506;260;893;329;742;305;360;577;99;239;13
52 Goiás;2017;226;151;346;140;304;146;123;247;33;50;9
53 Distrito Federal;2017;64;14;25;26;39;14;20;26;4;19;2
11 Rondônia;2018;77;50;208;64;157;63;57;147;14;21;3
12 Acre;2018;12;14;50;11;9;9;16;22;5;5;-
13 Amazonas;2018;110;45;97;25;87;26;42;78;6;13;1
14 Roraima;2018;27;9;15;9;19;6;13;28;4;6;-
15 Pará;2018;455;306;800;221;612;186;255;473;41;84;16
16 Amapá;2018;17;22;27;7;25;15;19;21;2;1;2
17 Tocantins;2018;426;146;298;118;294;173;187;344;37;104;18
21 Maranhão;2018;507;589;926;212;676;228;248;568;49;108;37
22 Piauí;2018;198;157;314;83;164;74;101;166;21;44;13
23 Ceará;2018;629;247;366;127;257;97;114;172;21;46;11
24 Rio Grande do Norte;2018;54;37;67;28;40;17;12;34;5;10;2
25 Paraíba;2018;145;67;138;51;62;71;32;62;8;16;6
26 Pernambuco;2018;981;233;479;185;412;144;174;316;32;100;29
27 Alagoas;2018;78;88;84;34;68;16;24;48;3;10;3
28 Sergipe;2018;94;47;72;33;62;22;34;45;8;17;4
29 Bahia;2018;713;243;506;194;386;135;144;284;33;66;21
31 Minas Gerais;2018;305;101;273;137;204;73;88;128;14;49;10
32 Espírito Santo;2018;45;34;100;47;100;46;62;89;10;16;1
33 Rio de Janeiro;2018;275;90;152;97;205;73;103;148;17;35;4
35 São Paulo;2018;310;75;277;145;251;161;98;255;21;68;3
41 Paraná;2018;90;58;174;77;105;54;37;115;8;15;2
42 Santa Catarina;2018;39;4;33;19;32;16;6;22;-;4;-
43 Rio Grande do Sul;2018;29;9;42;18;39;14;11;14;5;4;1
50 Mato Grosso do Sul;2018;157;32;97;52;85;28;17;40;4;2;1
51 Mato Grosso;2018;700;307;1099;441;918;413;474;917;142;388;14
52 Goiás;2018;252;134;371;157;253;142;141;247;21;67;9
53 Distrito Federal;2018;64;13;31;17;33;28;20;41;2;18;-
11 Rondônia;2019;56;42;151;55;117;63;40;74;7;25;3
12 Acre;2019;18;19;38;1;13;7;7;21;3;6;-
13 Amazonas;2019;91;41;86;44;69;29;48;86;8;15;4
14 Roraima;2019;26;3;28;7;16;7;7;18;4;5;-
15 Pará;2019;420;321;833;227;641;194;249;508;43;100;22
16 Amapá;2019;25;16;24;5;27;3;20;35;2;7;1
17 Tocantins;2019;415;100;276;100;274;161;139;389;34;130;9
21 Maranhão;2019;505;595;880;238;654;306;309;664;53;113;38
22 Piauí;2019;192;160;260;70;133;67;71;152;19;50;10
23 Ceará;2019;599;214;363;111;246;92;93;179;13;35;6
24 Rio Grande do Norte;2019;52;21;49;18;31;17;11;28;2;7;-
25 Paraíba;2019;153;94;142;82;134;61;43;45;2;19;3
26 Pernambuco;2019;1099;237;480;212;391;146;150;434;47;124;27
27 Alagoas;2019;60;58;74;24;61;14;26;38;2;11;6
28 Sergipe;2019;87;43;73;19;49;21;34;36;9;18;-
29 Bahia;2019;615;240;470;189;339;124;155;333;37;65;15
31 Minas Gerais;2019;352;128;289;134;204;71;72;175;24;51;8
32 Espírito Santo;2019;82;44;107;55;107;48;55;111;12;33;6
33 Rio de Janeiro;2019;267;42;166;103;159;105;77;167;18;38;9
35 São Paulo;2019;268;73;230;144;260;159;93;284;27;78;4
41 Paraná;2019;110;55;188;88;113;66;39;71;5;26;2
42 Santa Catarina;2019;60;4;34;29;37;18;13;25;2;5;-
43 Rio Grande do Sul;2019;38;7;21;14;28;9;12;13;2;3;1
50 Mato Grosso do Sul;2019;163;45;149;42;91;36;41;62;5;13;4
51 Mato Grosso;2019;591;332;1107;477;908;427;474;890;126;341;16
52 Goiás;2019;272;129;338;141;271;151;134;277;18;71;4
53 Distrito Federal;2019;70;15;27;22;38;9;28;38;8;31;1
11 Rondônia;2020;91;36;86;36;66;32;29;50;9;12;1
12 Acre;2020;9;12;23;4;12;4;5;10;-;6;1
13 Amazonas;2020;46;30;45;13;50;19;18;45;6;15;1
14 Roraima;2020;8;4;13;3;11;-;2;6;-;3;-
15 Pará;2020;250;175;452;146;380;119;188;294;23;59;17
16 Amapá;2020;17;3;14;1;17;10;7;16;5;7;2
17 Tocantins;2020;249;67;139;60;141;77;83;202;25;64;6
21 Maranhão;2020;381;325;485;144;358;154;151;420;44;75;23
22 Piauí;2020;127;60;115;48;59;35;43;65;6;26;2
23 Ceará;2020;461;138;205;67;131;63;54;104;8;20;5
24 Rio Grande do Norte;2020;46;18;52;9;23;4;12;21;1;7;2
25 Paraíba;2020;139;25;66;16;38;21;17;37;2;10;1
26 Pernambuco;2020;685;123;260;113;208;94;88;279;33;101;22
27 Alagoas;2020;60;32;28;20;34;22;18;22;3;14;1
28 Sergipe;2020;91;28;60;19;28;13;24;31;3;10;1
29 Bahia;2020;425;116;208;75;145;57;82;165;18;28;7
31 Minas Gerais;2020;219;62;179;87;122;69;48;112;19;36;2
32 Espírito Santo;2020;12;9;22;10;21;8;9;20;-;3;-
33 Rio de Janeiro;2020;180;27;82;65;93;43;52;102;11;19;8
35 São Paulo;2020;185;40;118;95;109;93;63;160;19;58;4
41 Paraná;2020;76;22;113;48;72;42;27;64;9;21;-
42 Santa Catarina;2020;38;3;22;10;29;17;7;20;2;6;2
43 Rio Grande do Sul;2020;20;3;13;6;14;7;3;8;4;3;-
50 Mato Grosso do Sul;2020;116;22;53;26;48;22;24;24;3;13;-
51 Mato Grosso;2020;346;193;544;209;517;224;277;559;71;237;12
52 Goiás;2020;206;63;178;87;153;66;74;150;22;49;6
53 Distrito Federal;2020;98;12;29;14;33;13;20;38;12;14;1