UF de notificação;Ano ;Ign/Branco;Analfabeto;1ª a 4ª série incompleta do EF;4ª série completa do EF;5ª a 8ª série incompleta do EF;Ensino fundamental completo;Ensino médio incompleto;Ensino médio completo;Educação superior incompleta;Educação superior completa;Não se aplica
11 Rondônia;2001;3;6;3;-;19;-;3;-;-;-;-
12 Acre;2001;585;235;271;31;32;1;21;-;-;40;2
13 Amazonas;2001;2;5;5;-;4;-;-;-;-;-;-
14 Roraima;2001;178;294;446;-;310;-;401;-;-;64;46
15 Pará;2001;1441;424;554;-;1210;-;640;-;-;61;55
16 Amapá;2001;248;47;139;-;206;-;137;-;-;3;6
17 Tocantins;2001;64;1153;928;35;1756;12;474;1;-;76;18
21 Maranhão;2001;264;603;331;7;576;-;113;-;-;69;9
22 Piauí;2001;78;190;20;10;280;-;57;-;-;3;3
23 Ceará;2001;27;149;1;-;74;-;3;-;-;1;-
24 Rio Grande do Norte;2001;-;7;-;-;-;-;-;-;-;-;-
25 Paraíba;2001;181;163;82;-;237;-;109;-;-;63;28
26 Pernambuco;2001;108;130;96;-;312;-;26;-;-;6;4
27 Alagoas;2001;57;51;50;8;50;-;33;-;-;-;3
28 Sergipe;2001;146;222;238;-;183;-;104;-;-;43;5
29 Bahia;2001;40;185;44;-;136;-;24;-;-;-;-
31 Minas Gerais;2001;2684;4350;1987;3;6838;-;1298;-;-;374;95
32 Espírito Santo;2001;203;284;341;2;463;-;184;-;-;37;5
33 Rio de Janeiro;2001;236;176;256;-;329;-;134;-;-;31;37
35 São Paulo;2001;169;397;601;12;951;-;165;-;-;43;5
41 Paraná;2001;72;382;79;26;553;-;74;-;-;5;-
42 Santa Catarina;2001;24;5;166;-;100;-;36;-;-;1;-
43 Rio Grande do Sul;2001;58;38;233;-;262;-;68;-;-;73;-
50 Mato Grosso do Sul;2001;31;160;52;1;176;1;24;-;-;10;-
51 Mato Grosso;2001;88;608;733;3;873;14;399;2;1;51;80
52 Goiás;2001;32;13;20;-;41;-;24;-;-;-;-
11 Rondônia;2002;86;551;1184;-;1195;-;518;-;172;67
12 Acre;2002;445;562;445;-;510;4;242;-;79;31
13 Amazonas;2002;231;22;17;-;11;-;-;-;-;-
14 Roraima;2002;136;370;566;-;690;-;380;-;93;36
15 Pará;2002;848;2706;4126;4;3593;-;1155;-;236;359
16 Amapá;2002;87;187;376;-;292;-;176;-;19;12
17 Tocantins;2002;109;1300;1675;16;1499;8;691;-;91;31
21 Maranhão;2002;918;3799;3649;-;3445;-;1811;6;634;224
22 Piauí;2002;169;589;268;-;298;-;32;-;16;16
23 Ceará;2002;102;243;37;-;228;-;14;-;4;-
24 Rio Grande do Norte;2002;-;9;-;-;-;-;-;-;-;-
25 Paraíba;2002;159;309;542;-;429;-;201;-;82;78
26 Pernambuco;2002;1180;1593;1737;15;1626;5;862;-;196;132
27 Alagoas;2002;180;413;309;-;356;-;93;-;27;24
28 Sergipe;2002;473;417;314;-;500;-;236;-;74;8
29 Bahia;2002;659;946;1001;-;1051;-;633;1;188;148
31 Minas Gerais;2002;3025;3962;2123;9;8603;5;1905;-;478;85
32 Espírito Santo;2002;362;890;1440;8;1336;-;722;2;210;30
33 Rio de Janeiro;2002;1680;781;1839;2;2140;-;698;-;263;69
35 São Paulo;2002;1139;1916;3559;-;3662;32;1493;10;504;57
41 Paraná;2002;124;714;396;22;1407;-;304;-;66;22
42 Santa Catarina;2002;81;173;736;-;538;-;193;-;43;23
43 Rio Grande do Sul;2002;138;298;661;-;986;-;189;-;75;7
50 Mato Grosso do Sul;2002;185;377;353;-;298;-;179;-;61;9
51 Mato Grosso;2002;477;2284;3569;15;3534;3;1483;8;264;217
52 Goiás;2002;98;77;69;-;131;-;64;-;12;-
53 Distrito Federal;2002;207;226;402;-;425;-;338;-;47;24
11 Rondônia;2003;200;699;1397;-;1462;-;673;1;-;152;98
12 Acre;2003;896;933;307;82;442;40;196;-;1;32;38
13 Amazonas;2003;593;614;1246;1;1138;-;628;-;-;164;110
14 Roraima;2003;48;402;833;-;586;-;457;-;-;92;11
15 Pará;2003;1691;4350;7824;-;6966;-;2470;-;-;488;421
16 Amapá;2003;87;421;398;-;579;-;362;-;-;10;31
17 Tocantins;2003;126;1287;2029;84;1617;2;918;31;-;240;45
21 Maranhão;2003;955;6624;5458;-;5052;-;2764;-;-;542;402
22 Piauí;2003;360;2138;1825;-;1325;-;770;-;-;241;96
23 Ceará;2003;2612;2484;2335;81;2434;-;761;-;-;205;92
24 Rio Grande do Norte;2003;62;106;149;-;117;-;48;-;-;21;5
25 Paraíba;2003;132;739;799;-;786;-;351;-;-;65;37
26 Pernambuco;2003;2212;1834;3148;-;3376;1;1898;-;-;567;286
27 Alagoas;2003;426;535;498;1;542;-;235;-;-;59;34
28 Sergipe;2003;470;408;751;-;658;-;290;-;-;145;15
29 Bahia;2003;1518;2290;3284;-;3293;-;1553;2;-;483;291
31 Minas Gerais;2003;3164;3706;1459;1;9112;-;2342;-;-;491;32
32 Espírito Santo;2003;271;1237;1374;2;1808;2;1030;1;-;192;72
33 Rio de Janeiro;2003;3078;1648;3261;8;5525;-;2319;-;-;831;186
35 São Paulo;2003;1177;2592;4503;36;5013;-;2399;-;-;526;70
41 Paraná;2003;769;2791;4315;20;3061;-;1257;8;-;219;158
42 Santa Catarina;2003;72;198;672;-;723;-;216;-;-;93;20
43 Rio Grande do Sul;2003;119;186;624;-;830;-;318;-;-;151;-
50 Mato Grosso do Sul;2003;296;509;1018;2;690;-;330;20;-;146;14
51 Mato Grosso;2003;467;2279;3984;12;4566;-;1691;4;-;422;126
52 Goiás;2003;1452;2731;6243;-;4653;7;2307;-;-;668;400
53 Distrito Federal;2003;345;291;516;-;648;-;499;-;-;164;34
11 Rondônia;2004;175;624;1331;-;1519;-;603;-;-;73;95
12 Acre;2004;816;587;500;26;454;26;241;-;-;5;29
13 Amazonas;2004;628;734;1210;-;1352;-;675;-;-;216;95
14 Roraima;2004;12;285;570;-;872;-;570;-;-;128;31
15 Pará;2004;2088;4686;7802;-;6716;-;2966;-;-;633;506
16 Amapá;2004;501;324;244;-;272;-;199;-;-;38;12
17 Tocantins;2004;55;1409;2024;14;1918;14;1019;6;-;162;53
21 Maranhão;2004;1153;6138;6102;11;5071;-;2981;-;-;713;353
22 Piauí;2004;327;2311;2269;-;1912;-;1061;-;-;247;150
23 Ceará;2004;3800;2851;3507;8;2426;-;989;-;-;380;112
24 Rio Grande do Norte;2004;94;242;231;-;216;-;144;-;-;29;35
25 Paraíba;2004;351;1160;1031;-;1058;-;365;-;-;100;45
26 Pernambuco;2004;2779;1742;2721;-;3680;-;1905;-;-;702;184
27 Alagoas;2004;450;550;488;8;461;-;228;-;1;63;13
28 Sergipe;2004;630;525;652;-;1091;-;503;-;-;110;41
29 Bahia;2004;2214;2768;3936;-;3515;-;1855;-;-;645;280
31 Minas Gerais;2004;2172;3128;2825;1;7031;-;1986;-;-;555;29
32 Espírito Santo;2004;448;922;1505;50;1579;1;830;-;-;140;53
33 Rio de Janeiro;2004;3439;1756;3313;-;5765;-;2901;42;2;798;192
35 São Paulo;2004;1440;2140;4316;34;5483;6;2568;-;-;705;54
41 Paraná;2004;839;3158;4881;33;4291;-;1999;-;1;470;310
42 Santa Catarina;2004;67;94;616;-;727;-;265;-;-;70;3
43 Rio Grande do Sul;2004;148;199;545;-;949;-;310;-;-;138;2
50 Mato Grosso do Sul;2004;374;628;732;1;729;-;359;4;-;132;18
51 Mato Grosso;2004;417;2389;3758;2;4014;7;1487;-;-;385;128
52 Goiás;2004;1236;2751;6666;6;6296;6;2323;-;-;907;103
53 Distrito Federal;2004;323;287;463;-;737;-;420;-;-;67;18
11 Rondônia;2005;151;558;1136;1;1352;6;742;-;112;60
12 Acre;2005;406;219;337;25;342;10;187;-;37;17
13 Amazonas;2005;674;541;1232;-;1251;-;683;-;265;56
14 Roraima;2005;38;145;241;-;384;-;308;-;38;26
15 Pará;2005;1784;3146;7883;2;7551;9;3662;-;728;485
16 Amapá;2005;97;102;177;-;229;-;167;-;50;8
17 Tocantins;2005;100;737;1371;36;1927;23;1018;2;218;69
21 Maranhão;2005;1136;4981;5866;23;6572;-;3890;7;948;405
22 Piauí;2005;337;1880;1846;-;1838;-;1049;-;528;229
23 Ceará;2005;1577;2107;2691;4;2293;-;1151;-;413;174
24 Rio Grande do Norte;2005;150;335;392;-;511;-;310;-;128;43
25 Paraíba;2005;399;673;942;-;971;1;513;-;239;64
26 Pernambuco;2005;2251;1294;2781;7;3008;2;1714;5;657;339
27 Alagoas;2005;297;377;313;-;429;-;215;-;77;29
28 Sergipe;2005;309;500;536;-;863;-;462;-;129;69
29 Bahia;2005;1953;2263;3184;1;3127;-;1995;-;596;170
31 Minas Gerais;2005;1399;1651;2160;4;3498;-;1627;-;417;75
32 Espírito Santo;2005;420;809;1546;4;1955;14;1334;3;312;103
33 Rio de Janeiro;2005;1334;699;1669;19;3111;5;1702;5;513;168
35 São Paulo;2005;709;1268;2132;15;3167;23;1620;4;447;51
41 Paraná;2005;340;880;1851;6;1541;4;702;5;168;12
42 Santa Catarina;2005;13;94;245;1;405;-;72;-;20;6
43 Rio Grande do Sul;2005;69;108;224;-;297;-;137;-;66;15
50 Mato Grosso do Sul;2005;259;202;479;-;483;-;220;-;91;18
51 Mato Grosso;2005;468;1849;3542;12;4016;5;2012;6;449;191
52 Goiás;2005;1299;1134;2976;9;3716;4;1857;-;517;160
53 Distrito Federal;2005;239;229;369;-;375;-;207;-;88;23
11 Rondônia;2006;239;638;1406;25;1758;2;757;-;-;154;18
12 Acre;2006;551;650;538;38;739;23;377;2;-;42;45
13 Amazonas;2006;440;570;1204;36;978;-;450;1;-;187;29
14 Roraima;2006;180;320;364;1;569;-;419;-;-;77;8
15 Pará;2006;2233;4169;7205;87;6460;51;2443;-;-;685;176
16 Amapá;2006;250;121;118;3;227;9;68;-;-;79;1
17 Tocantins;2006;99;1196;1623;78;2392;68;1120;1;1;281;35
21 Maranhão;2006;1131;6592;6623;189;6090;109;3660;12;-;714;239
22 Piauí;2006;619;2405;2441;40;1921;2;978;-;-;365;238
23 Ceará;2006;3927;3572;3870;46;3207;22;1777;-;-;532;88
24 Rio Grande do Norte;2006;144;271;348;2;389;17;161;-;-;45;9
25 Paraíba;2006;639;1117;1325;28;849;10;493;1;-;256;29
26 Pernambuco;2006;2144;2491;3321;76;4168;14;2594;3;-;767;214
27 Alagoas;2006;383;699;544;38;471;45;302;-;-;121;14
28 Sergipe;2006;313;577;783;-;876;6;428;-;-;121;16
29 Bahia;2006;1938;3202;3807;112;4467;15;2354;39;-;812;203
31 Minas Gerais;2006;2626;2864;3625;50;4633;19;1535;-;-;469;67
32 Espírito Santo;2006;409;973;1073;11;1396;4;796;2;-;164;43
33 Rio de Janeiro;2006;3194;1429;3309;187;5971;90;3072;17;-;822;136
35 São Paulo;2006;1436;2046;3762;112;5343;153;2241;7;-;582;75
41 Paraná;2006;961;3308;4928;141;4270;99;1285;-;-;421;24
42 Santa Catarina;2006;66;83;637;-;653;3;232;-;-;60;-
43 Rio Grande do Sul;2006;212;211;519;10;746;-;301;-;-;98;-
50 Mato Grosso do Sul;2006;528;436;680;7;799;-;380;-;-;116;4
51 Mato Grosso;2006;455;2159;3770;45;3692;28;1929;3;-;494;90
52 Goiás;2006;1229;2568;5269;129;6402;62;2833;15;32;921;155
53 Distrito Federal;2006;216;341;475;5;606;-;381;-;-;141;10
11 Rondônia;2007;365;420;1322;512;1299;168;188;247;52;87;16
12 Acre;2007;545;213;448;273;289;191;19;46;-;-;47
13 Amazonas;2007;456;263;922;638;464;167;246;281;19;35;23
14 Roraima;2007;230;93;520;177;365;258;62;189;5;-;15
15 Pará;2007;2800;2431;6950;3818;4351;1957;980;666;87;55;111
16 Amapá;2007;297;51;287;177;82;90;18;44;1;12;6
17 Tocantins;2007;248;651;1559;1028;1355;607;389;286;57;55;17
21 Maranhão;2007;1762;4341;8079;2825;4047;1767;1083;1489;102;113;143
22 Piauí;2007;659;1343;2700;849;1341;438;463;660;31;66;85
23 Ceará;2007;7325;1610;3783;1766;1683;613;318;559;24;130;81
24 Rio Grande do Norte;2007;527;207;449;252;318;62;69;133;3;11;9
25 Paraíba;2007;920;579;1326;565;464;216;243;153;20;38;10
26 Pernambuco;2007;3568;1665;4109;2332;3241;1795;957;793;61;128;281
27 Alagoas;2007;395;295;712;373;370;171;68;223;-;15;3
28 Sergipe;2007;733;282;849;478;465;298;148;57;6;25;47
29 Bahia;2007;3042;1404;4539;2392;2426;964;782;947;126;205;70
31 Minas Gerais;2007;3611;2180;4254;1779;2209;811;564;823;46;179;19
32 Espírito Santo;2007;441;506;1344;607;1044;476;322;313;51;32;33
33 Rio de Janeiro;2007;4716;599;2515;1664;4038;1629;817;773;250;164;93
35 São Paulo;2007;2352;894;3251;2915;3750;2034;715;780;84;166;51
41 Paraná;2007;1399;1796;4149;2672;2346;653;363;242;74;142;5
42 Santa Catarina;2007;191;44;573;436;640;412;108;92;18;8;2
43 Rio Grande do Sul;2007;372;98;587;329;583;74;45;52;18;57;-
50 Mato Grosso do Sul;2007;338;168;831;619;776;307;124;78;22;35;-
51 Mato Grosso;2007;537;1375;3642;2414;2929;1150;595;767;108;91;49
52 Goiás;2007;1944;1685;5270;2922;3425;1517;1077;1214;168;177;54
53 Distrito Federal;2007;507;153;474;273;317;226;160;97;26;9;-
11 Rondônia;2008;362;634;1075;585;1096;151;178;217;35;14;14
12 Acre;2008;110;446;833;165;338;282;104;33;1;30;24
13 Amazonas;2008;611;691;1288;425;701;218;255;507;32;34;10
14 Roraima;2008;123;172;559;141;391;226;64;230;9;11;-
15 Pará;2008;2957;3066;7480;3379;4090;1550;1159;1277;89;116;121
16 Amapá;2008;49;486;943;274;673;213;208;209;10;21;12
17 Tocantins;2008;404;903;2131;620;1328;448;573;784;74;246;48
21 Maranhão;2008;1997;6331;7643;2598;4023;1661;1389;2209;122;113;275
22 Piauí;2008;863;2076;3471;1005;1216;477;392;659;90;66;95
23 Ceará;2008;10288;2395;3581;1307;1674;816;517;821;138;69;94
24 Rio Grande do Norte;2008;432;340;458;119;326;88;65;109;25;2;17
25 Paraíba;2008;924;549;1171;448;584;256;176;205;23;59;19
26 Pernambuco;2008;4540;1760;4823;1919;2187;987;1309;1406;112;140;191
27 Alagoas;2008;547;431;776;287;630;152;262;282;-;45;9
28 Sergipe;2008;543;518;882;576;404;294;154;151;13;59;27
29 Bahia;2008;3740;1900;5822;1642;2814;917;941;1715;95;99;98
31 Minas Gerais;2008;3519;2249;4294;1682;2174;615;486;914;161;161;50
32 Espírito Santo;2008;525;517;1607;659;888;354;227;458;55;36;39
33 Rio de Janeiro;2008;5188;723;3420;1941;3130;1752;1252;884;134;190;123
35 São Paulo;2008;2981;1782;5139;2684;3723;1904;876;1421;122;403;25
41 Paraná;2008;1551;2123;5320;2859;1849;744;616;544;57;147;2
42 Santa Catarina;2008;650;184;725;654;867;317;39;111;14;70;7
43 Rio Grande do Sul;2008;405;133;764;319;434;245;35;19;49;13;-
50 Mato Grosso do Sul;2008;674;389;1250;554;594;322;169;153;31;38;27
51 Mato Grosso;2008;841;1413;3675;2038;3129;1331;727;910;214;267;88
52 Goiás;2008;2555;1759;5068;2616;3266;1286;1375;1359;182;273;100
53 Distrito Federal;2008;640;141;420;418;523;157;172;229;6;77;5
11 Rondônia;2009;396;543;1607;488;1048;179;154;271;46;42;35
12 Acre;2009;59;392;610;282;399;192;44;29;67;16;-
13 Amazonas;2009;511;629;1516;497;709;235;216;539;45;87;16
14 Roraima;2009;227;258;381;139;230;186;139;220;4;30;53
15 Pará;2009;2919;3084;7818;2357;3517;1103;1104;1492;140;164;98
16 Amapá;2009;133;895;657;68;217;131;334;240;80;6;77
17 Tocantins;2009;477;749;2342;688;1288;379;505;598;75;118;46
21 Maranhão;2009;1823;5678;6998;2229;3851;1493;1163;1943;261;226;190
22 Piauí;2009;707;2012;2820;959;1023;537;532;651;55;27;59
23 Ceará;2009;8187;2959;3650;1329;1645;483;399;769;12;70;90
24 Rio Grande do Norte;2009;273;191;423;95;282;76;59;63;7;29;3
25 Paraíba;2009;1006;885;1205;341;635;230;149;275;29;60;15
26 Pernambuco;2009;4929;2298;4708;1780;2511;1084;981;1701;204;112;148
27 Alagoas;2009;511;393;504;275;547;104;171;59;29;11;21
28 Sergipe;2009;467;439;911;344;578;253;237;182;16;151;-
29 Bahia;2009;4265;2012;4595;1666;3222;748;644;1661;64;127;84
31 Minas Gerais;2009;3032;1535;4117;1630;1822;536;464;820;117;305;25
32 Espírito Santo;2009;522;848;1743;638;958;384;410;439;23;49;19
33 Rio de Janeiro;2009;4544;878;3137;1630;3096;1567;938;1312;81;208;83
35 São Paulo;2009;2869;964;4591;2158;3351;1703;579;1330;101;266;65
41 Paraná;2009;1321;2060;5576;2147;1812;803;324;945;61;106;7
42 Santa Catarina;2009;645;79;506;403;351;266;149;88;-;40;-
43 Rio Grande do Sul;2009;507;120;554;163;333;250;55;116;10;31;-
50 Mato Grosso do Sul;2009;651;467;1321;558;448;208;117;179;20;35;19
51 Mato Grosso;2009;761;1831;4014;1610;2614;802;711;940;126;207;90
52 Goiás;2009;2760;2167;4602;2473;3250;1281;1193;1719;137;380;32
53 Distrito Federal;2009;611;193;325;144;471;97;137;157;37;29;-
11 Rondônia;2010;359;339;1057;544;957;148;180;245;79;52;19
12 Acre;2010;36;492;410;209;372;171;31;109;48;13;14
13 Amazonas;2010;526;563;1246;370;816;217;273;286;17;80;37
14 Roraima;2010;163;161;457;154;179;185;41;224;35;2;1
15 Pará;2010;2362;3188;6695;2065;3455;1455;1118;1548;166;96;193
16 Amapá;2010;379;707;628;91;389;42;201;291;2;34;17
17 Tocantins;2010;876;773;1961;603;1225;390;400;625;88;88;31
21 Maranhão;2010;2476;5483;7893;2402;3601;1457;1236;2384;133;160;264
22 Piauí;2010;709;2110;3373;654;1799;623;467;820;95;104;110
23 Ceará;2010;8692;1817;2502;1099;1369;376;389;651;11;59;35
24 Rio Grande do Norte;2010;202;337;495;152;156;75;88;164;14;39;-
25 Paraíba;2010;1067;552;958;331;383;147;169;373;20;97;18
26 Pernambuco;2010;4965;2476;4182;1520;2453;888;1054;1314;177;192;117
27 Alagoas;2010;625;561;571;144;410;93;106;112;12;47;10
28 Sergipe;2010;343;460;1006;261;358;200;264;224;9;41;4
29 Bahia;2010;3721;2355;4723;1277;3182;770;662;2284;112;159;106
31 Minas Gerais;2010;2828;2339;4140;1703;1805;834;425;787;124;87;35
32 Espírito Santo;2010;368;725;1592;493;778;350;380;510;40;76;38
33 Rio de Janeiro;2010;5381;954;2694;1915;2348;1055;740;1223;119;133;90
35 São Paulo;2010;3157;1262;4060;1728;2508;1375;811;1491;121;181;28
41 Paraná;2010;1373;1679;4831;2085;2000;721;574;612;40;241;1
42 Santa Catarina;2010;549;127;584;515;513;188;107;238;-;15;-
43 Rio Grande do Sul;2010;415;56;633;164;345;101;18;50;12;24;-
50 Mato Grosso do Sul;2010;895;682;1227;323;489;208;151;198;18;26;39
51 Mato Grosso;2010;896;1804;4362;1483;2692;861;1023;1024;168;314;50
52 Goiás;2010;2994;1496;4436;2341;3204;1395;1206;1351;254;332;46
53 Distrito Federal;2010;670;130;427;84;261;55;137;129;9;31;1
11 Rondônia;2011;347;382;1283;416;789;211;211;300;28;81;15
12 Acre;2011;124;600;526;177;204;107;51;126;51;34;7
13 Amazonas;2011;446;457;1407;253;1086;249;171;422;27;51;1
14 Roraima;2011;142;77;372;176;169;180;27;98;13;100;2
15 Pará;2011;2685;3416;7389;1961;4435;1254;1574;2010;131;285;109
16 Amapá;2011;117;117;394;126;526;176;180;178;42;60;96
17 Tocantins;2011;1069;1051;1700;595;1202;516;272;790;118;182;18
21 Maranhão;2011;2369;5166;7470;2382;3597;1434;1455;2142;203;215;194
22 Piauí;2011;766;2056;2490;712;1215;405;584;785;33;153;44
23 Ceará;2011;8379;1469;2453;1085;1015;405;286;613;58;73;35
24 Rio Grande do Norte;2011;224;224;371;104;127;34;54;84;15;4;1
25 Paraíba;2011;876;847;1218;557;655;192;160;419;44;99;24
26 Pernambuco;2011;4388;2160;4085;1666;2689;883;914;1221;85;314;203
27 Alagoas;2011;754;475;433;54;353;83;91;143;17;10;18
28 Sergipe;2011;397;332;1095;146;440;162;99;341;22;71;3
29 Bahia;2011;4031;2795;5553;1678;2374;1095;1147;2426;241;159;86
31 Minas Gerais;2011;3018;1932;3410;1554;2008;817;564;771;108;212;14
32 Espírito Santo;2011;276;840;1668;673;1200;163;468;514;61;85;28
33 Rio de Janeiro;2011;5056;799;2738;1860;2827;1078;1004;1324;221;152;58
35 São Paulo;2011;3581;957;3784;2359;3344;1349;680;1827;255;358;38
41 Paraná;2011;1473;2095;5135;2070;2318;732;779;954;30;61;18
42 Santa Catarina;2011;752;117;643;387;716;213;136;314;41;15;4
43 Rio Grande do Sul;2011;348;73;519;105;454;184;39;99;-;49;-
50 Mato Grosso do Sul;2011;1123;751;1143;311;857;242;212;216;17;46;5
51 Mato Grosso;2011;916;1814;4256;1630;2421;884;794;1213;105;267;124
52 Goiás;2011;3059;1949;4673;1837;2854;1143;1124;1374;178;395;85
53 Distrito Federal;2011;460;187;328;188;313;78;257;157;42;21;1
11 Rondônia;2012;512;607;1108;433;580;356;241;374;38;47;9
12 Acre;2012;107;233;375;279;200;68;90;130;18;4;1
13 Amazonas;2012;578;318;987;225;677;399;167;432;80;50;50
14 Roraima;2012;219;262;329;102;128;139;118;158;21;8;11
15 Pará;2012;3431;3294;8056;2098;4481;1042;1233;1803;140;182;127
16 Amapá;2012;134;158;188;27;164;125;64;137;2;33;12
17 Tocantins;2012;1184;1350;1988;727;1534;484;581;909;64;137;61
21 Maranhão;2012;2845;6287;7786;1946;3661;1319;1342;2856;247;189;221
22 Piauí;2012;1000;1921;2715;654;1326;526;628;862;58;193;25
23 Ceará;2012;7437;1965;2905;727;1249;360;357;548;22;102;68
24 Rio Grande do Norte;2012;448;391;627;143;178;65;87;53;48;100;-
25 Paraíba;2012;820;531;1021;546;652;209;118;367;42;32;34
26 Pernambuco;2012;3435;2768;4282;1875;2536;634;868;1705;103;237;168
27 Alagoas;2012;532;664;803;202;259;96;96;417;13;37;15
28 Sergipe;2012;369;794;814;193;383;79;161;343;18;55;8
29 Bahia;2012;4632;1994;4898;1385;2984;917;1187;1935;108;333;85
31 Minas Gerais;2012;3283;1439;3915;1353;1456;700;454;771;98;90;37
32 Espírito Santo;2012;320;514;1560;427;904;156;178;419;19;88;23
33 Rio de Janeiro;2012;4138;687;2915;1072;2208;1044;597;1305;124;167;69
35 São Paulo;2012;3026;1063;3866;1986;2384;1358;684;2249;89;290;76
41 Paraná;2012;1795;2323;4880;2248;1888;707;315;823;43;269;150
42 Santa Catarina;2012;856;82;500;494;503;202;27;281;14;9;17
43 Rio Grande do Sul;2012;473;149;247;260;367;48;87;61;29;48;-
50 Mato Grosso do Sul;2012;1303;547;1470;543;772;369;180;330;13;107;4
51 Mato Grosso;2012;1282;1700;4002;1251;2875;868;975;1270;153;205;46
52 Goiás;2012;3468;1983;4972;2489;3191;1431;1168;1883;251;309;36
53 Distrito Federal;2012;237;192;348;284;338;135;154;155;26;34;-
11 Rondônia;2013;285;365;1030;290;598;254;259;229;46;70;17
12 Acre;2013;257;67;272;14;138;80;56;81;-;32;-
13 Amazonas;2013;666;466;1330;174;613;160;204;417;67;105;83
14 Roraima;2013;294;153;277;72;62;102;19;309;37;20;1
15 Pará;2013;2846;3226;7872;1737;4007;962;1286;1690;154;225;151
16 Amapá;2013;97;159;229;53;122;46;62;77;5;47;-
17 Tocantins;2013;1289;1001;2375;1005;1128;446;746;885;21;239;43
21 Maranhão;2013;2676;5163;6698;1952;3729;1370;1556;2950;254;299;151
22 Piauí;2013;872;1764;2825;660;1336;403;539;724;97;114;10
23 Ceará;2013;7187;1710;3227;875;1477;653;510;1103;95;69;33
24 Rio Grande do Norte;2013;340;238;464;84;184;50;51;96;26;46;15
25 Paraíba;2013;959;827;1210;309;440;210;87;327;8;36;28
26 Pernambuco;2013;4414;1952;4040;1280;2444;646;722;1533;125;135;144
27 Alagoas;2013;423;419;667;167;330;122;82;106;29;26;3
28 Sergipe;2013;414;384;726;115;187;218;132;292;10;78;8
29 Bahia;2013;3195;2247;4643;1069;2593;805;816;1776;155;358;93
31 Minas Gerais;2013;3071;1638;3117;991;1361;452;434;853;24;171;28
32 Espírito Santo;2013;304;457;1125;474;724;193;349;415;28;73;19
33 Rio de Janeiro;2013;2788;497;2134;1231;2347;736;921;1251;179;211;43
35 São Paulo;2013;2877;1202;3802;1889;2384;1602;608;1927;271;279;16
41 Paraná;2013;1957;2270;4204;2192;2541;742;540;983;108;96;10
42 Santa Catarina;2013;348;113;621;334;245;171;22;89;129;28;2
43 Rio Grande do Sul;2013;472;49;620;296;174;76;50;60;47;67;3
50 Mato Grosso do Sul;2013;1492;389;1276;355;578;339;185;240;40;64;29
51 Mato Grosso;2013;1276;1856;3952;1162;3157;966;1058;1714;390;404;73
52 Goiás;2013;2907;1303;4702;1732;2461;1227;1254;1589;120;239;89
53 Distrito Federal;2013;316;227;874;223;439;112;92;340;150;54;6
11 Rondônia;2014;420;408;1107;442;528;194;243;468;98;87;22
12 Acre;2014;246;279;321;35;191;176;38;183;34;1;14
13 Amazonas;2014;650;609;788;261;407;179;221;494;34;54;20
14 Roraima;2014;254;77;127;45;59;25;56;128;-;4;-
15 Pará;2014;3140;2978;7584;1462;5057;1168;1593;1955;120;278;182
16 Amapá;2014;163;67;189;71;149;51;44;203;8;9;12
17 Tocantins;2014;1017;1056;2563;602;1672;579;558;1389;57;225;22
21 Maranhão;2014;2172;5807;6783;1346;3838;1624;1601;2479;199;269;142
22 Piauí;2014;1323;2015;3271;809;1463;449;649;943;33;241;32
23 Ceará;2014;3877;2891;3656;767;1945;701;702;1029;163;156;34
24 Rio Grande do Norte;2014;439;334;410;185;440;63;61;63;6;4;6
25 Paraíba;2014;900;739;947;335;476;170;229;311;15;102;18
26 Pernambuco;2014;4846;1881;3332;1352;2520;626;611;1259;152;307;94
27 Alagoas;2014;378;368;581;133;448;86;42;219;8;95;9
28 Sergipe;2014;450;404;911;188;410;147;101;263;13;17;20
29 Bahia;2014;3742;2935;5532;1280;2545;676;1097;2643;149;220;123
31 Minas Gerais;2014;3335;1066;2719;1097;1062;407;281;767;112;160;15
32 Espírito Santo;2014;428;406;816;388;571;192;191;590;55;90;30
33 Rio de Janeiro;2014;3241;797;2154;1031;1594;692;588;1189;123;215;45
35 São Paulo;2014;2459;906;3137;1507;2748;1625;1195;1957;85;177;1
41 Paraná;2014;1501;1161;4729;1616;1452;696;322;597;165;154;1
42 Santa Catarina;2014;399;225;493;239;430;159;18;198;14;12;1
43 Rio Grande do Sul;2014;431;140;434;96;251;43;108;121;13;32;-
50 Mato Grosso do Sul;2014;1353;729;1350;639;900;336;367;509;48;102;33
51 Mato Grosso;2014;1178;1725;4025;1437;3065;996;1129;1942;319;366;72
52 Goiás;2014;2169;1865;3960;2031;2861;1801;1262;2473;161;313;25
53 Distrito Federal;2014;678;199;584;286;332;230;176;403;38;75;7
11 Rondônia;2015;238;433;937;462;679;178;179;308;42;88;18
12 Acre;2015;314;218;301;24;173;125;2;44;45;31;4
13 Amazonas;2015;784;353;915;236;530;85;194;351;22;37;31
14 Roraima;2015;132;268;466;99;345;222;233;374;112;11;-
15 Pará;2015;3075;3304;8495;1913;4550;959;1567;2361;157;368;67
16 Amapá;2015;246;259;262;32;130;88;119;118;1;17;8
17 Tocantins;2015;1193;1294;2522;448;1238;371;442;758;140;294;235
21 Maranhão;2015;2123;5812;6310;1790;4168;1309;1423;2473;126;369;158
22 Piauí;2015;1453;2216;2844;713;1223;445;548;725;89;92;27
23 Ceará;2015;4493;2305;3694;727;2430;860;612;1276;86;121;53
24 Rio Grande do Norte;2015;229;443;514;117;241;169;193;87;-;7;3
25 Paraíba;2015;1049;611;831;375;392;101;137;224;10;77;11
26 Pernambuco;2015;3995;1585;3106;1041;2055;542;745;1056;62;160;184
27 Alagoas;2015;249;654;626;178;587;103;224;113;50;26;50
28 Sergipe;2015;480;486;516;99;348;159;136;141;35;52;-
29 Bahia;2015;4345;2607;5041;1162;3525;1155;1162;2929;313;575;127
31 Minas Gerais;2015;2843;1097;2965;1011;1158;589;433;789;30;94;10
32 Espírito Santo;2015;237;633;801;304;787;273;182;334;69;63;21
33 Rio de Janeiro;2015;3519;679;2050;1170;1572;687;688;1247;174;275;32
35 São Paulo;2015;2673;829;2614;1154;2115;1214;848;1577;113;307;5
41 Paraná;2015;1532;1199;4668;1597;1743;557;564;1027;68;144;-
42 Santa Catarina;2015;427;88;279;260;507;288;132;116;-;26;-
43 Rio Grande do Sul;2015;250;49;320;36;312;109;74;68;20;43;-
50 Mato Grosso do Sul;2015;1244;475;1200;318;602;260;182;291;73;45;9
51 Mato Grosso;2015;1433;1614;4020;1404;3257;941;1383;1923;282;522;76
52 Goiás;2015;2315;1600;4387;2176;2203;1617;1259;2058;184;248;40
53 Distrito Federal;2015;488;177;283;167;563;267;172;247;73;69;2
11 Rondônia;2016;299;284;758;191;341;136;199;378;25;113;1
12 Acre;2016;152;134;370;142;117;107;71;124;-;66;-
13 Amazonas;2016;458;356;824;299;538;129;275;342;32;47;2
14 Roraima;2016;111;339;392;17;315;10;16;300;10;27;1
15 Pará;2016;2602;3186;7990;1993;5274;1041;1937;2258;208;256;90
16 Amapá;2016;90;71;155;120;184;84;76;99;9;20;-
17 Tocantins;2016;1202;1568;2949;564;1721;776;696;1317;136;265;51
21 Maranhão;2016;1997;4158;5764;1406;3670;1400;1319;2637;188;340;265
22 Piauí;2016;1391;1758;3018;772;1509;365;512;993;102;491;30
23 Ceará;2016;3360;2441;3492;1090;1578;582;667;1084;151;209;58
24 Rio Grande do Norte;2016;160;187;326;168;149;60;40;47;-;17;30
25 Paraíba;2016;893;623;891;308;299;157;137;306;129;95;32
26 Pernambuco;2016;3945;1505;2709;823;1627;505;711;1094;59;125;96
27 Alagoas;2016;192;453;479;196;539;113;135;197;18;21;14
28 Sergipe;2016;490;317;479;289;314;86;86;212;23;26;15
29 Bahia;2016;3537;2506;4374;1217;2563;1013;674;1930;199;484;58
31 Minas Gerais;2016;3335;1037;2188;839;971;496;271;747;117;179;22
32 Espírito Santo;2016;178;263;687;241;438;200;156;299;15;48;-
33 Rio de Janeiro;2016;2211;949;1318;779;1665;553;524;1471;71;194;25
35 São Paulo;2016;2601;716;2742;1855;1974;1322;916;1702;251;386;37
41 Paraná;2016;1013;1202;3858;1374;1296;329;357;778;20;166;-
42 Santa Catarina;2016;650;152;292;198;603;201;130;206;1;2;-
43 Rio Grande do Sul;2016;291;54;466;186;411;105;47;69;17;39;3
50 Mato Grosso do Sul;2016;740;366;1059;205;588;141;200;338;4;43;17
51 Mato Grosso;2016;1755;1486;3709;1502;2615;1256;1275;2247;271;629;149
52 Goiás;2016;2002;1157;3389;1062;2651;711;938;1909;173;302;39
53 Distrito Federal;2016;377;61;247;156;148;115;57;164;10;24;3
11 Rondônia;2017;393;277;609;312;691;127;87;372;24;70;1
12 Acre;2017;75;364;595;81;104;32;140;89;12;25;1
13 Amazonas;2017;492;600;771;254;541;186;175;626;29;165;12
14 Roraima;2017;412;363;324;266;485;127;71;605;8;71;-
15 Pará;2017;2972;3015;6959;1583;5366;1161;1552;2314;268;532;136
16 Amapá;2017;56;111;275;72;163;58;101;113;19;25;-
17 Tocantins;2017;1962;1484;2174;1039;1377;1044;1112;1253;101;349;132
21 Maranhão;2017;3553;4682;5436;1513;3605;1414;1392;2934;207;449;205
22 Piauí;2017;1594;1957;2584;617;1453;346;682;1083;96;240;61
23 Ceará;2017;3235;2071;3261;864;1636;421;469;1185;167;163;35
24 Rio Grande do Norte;2017;285;293;541;54;363;76;79;178;10;3;1
25 Paraíba;2017;911;651;1126;324;450;194;155;258;39;21;45
26 Pernambuco;2017;5354;1882;2997;1269;2022;661;740;1783;131;324;284
27 Alagoas;2017;600;386;457;74;387;103;200;321;16;10;4
28 Sergipe;2017;826;602;891;230;363;155;271;398;89;46;13
29 Bahia;2017;4673;1825;4150;1527;2560;1085;754;2677;260;272;81
31 Minas Gerais;2017;2300;847;3018;1371;1399;588;601;1062;114;180;13
32 Espírito Santo;2017;610;191;730;274;826;201;199;598;20;91;2
33 Rio de Janeiro;2017;2038;720;1187;699;1646;674;306;1475;103;132;22
35 São Paulo;2017;2613;741;2756;1489;1999;871;728;1791;139;320;11
41 Paraná;2017;1261;1115;2497;1192;1038;859;329;1255;50;234;4
42 Santa Catarina;2017;408;14;437;64;217;187;44;127;13;36;-
43 Rio Grande do Sul;2017;120;60;356;113;214;86;57;233;47;69;-
50 Mato Grosso do Sul;2017;1116;375;751;345;488;219;172;344;21;48;-
51 Mato Grosso;2017;2004;1494;4119;1579;3083;1159;1388;2452;434;1043;27
52 Goiás;2017;1977;1558;2989;1198;2494;1054;1032;1546;184;234;37
53 Distrito Federal;2017;251;134;244;184;262;49;79;121;8;84;8
11 Rondônia;2018;373;273;1147;272;611;222;316;459;58;86;3
12 Acre;2018;63;149;443;70;47;121;150;216;4;24;-
13 Amazonas;2018;783;434;822;221;324;123;306;485;26;47;1
14 Roraima;2018;242;73;231;90;381;35;176;328;179;163;-
15 Pará;2018;2669;3094;7133;1830;5117;1314;2082;3288;247;475;75
16 Amapá;2018;148;145;159;78;146;86;121;180;13;1;2
17 Tocantins;2018;2221;1480;2250;1063;2307;1030;1039;2076;136;539;131
21 Maranhão;2018;3223;4974;6232;1246;3930;1312;1267;2466;204;403;108
22 Piauí;2018;1780;2014;3426;755;1715;410;854;1580;169;253;114
23 Ceará;2018;4645;2223;2532;1087;1527;758;700;1105;66;240;11
24 Rio Grande do Norte;2018;205;480;284;233;246;48;51;154;3;29;-
25 Paraíba;2018;802;548;899;267;363;463;182;333;54;75;14
26 Pernambuco;2018;5204;1928;3346;981;2426;690;900;1499;112;329;86
27 Alagoas;2018;596;949;764;257;641;100;100;302;4;25;4
28 Sergipe;2018;664;488;818;272;333;146;253;203;18;77;17
29 Bahia;2018;5117;2267;3903;1860;3035;1089;993;1912;120;260;76
31 Minas Gerais;2018;2382;927;2001;1023;1323;584;552;820;95;234;10
32 Espírito Santo;2018;223;264;643;252;639;295;323;507;39;40;2
33 Rio de Janeiro;2018;2150;764;1268;874;1767;556;853;1001;90;208;8
35 São Paulo;2018;2012;687;2930;1542;2501;1025;940;2278;106;442;8
41 Paraná;2018;1052;945;2613;988;1540;951;789;1425;176;108;9
42 Santa Catarina;2018;401;72;252;106;209;108;30;167;-;5;-
43 Rio Grande do Sul;2018;309;80;354;127;281;114;57;97;33;16;2
50 Mato Grosso do Sul;2018;1159;262;786;315;561;351;108;223;19;27;-
51 Mato Grosso;2018;3442;1636;5358;2029;4390;1857;2141;4058;746;1636;47
52 Goiás;2018;1806;1666;3450;1477;2182;1190;1522;1867;166;518;30
53 Distrito Federal;2018;430;136;157;62;157;102;137;395;11;50;-
11 Rondônia;2019;181;263;888;276;648;257;160;293;16;83;2
12 Acre;2019;78;317;438;25;120;75;39;267;51;17;-
13 Amazonas;2019;543;315;625;164;380;148;306;506;24;90;44
14 Roraima;2019;276;144;389;99;194;133;122;305;164;58;-
15 Pará;2019;2726;3034;6044;1563;4820;1621;1879;3546;171;340;55
16 Amapá;2019;131;137;138;51;163;24;113;244;11;40;10
17 Tocantins;2019;1912;821;2108;640;1618;701;999;1906;119;562;37
21 Maranhão;2019;3143;4249;5458;1511;4320;1566;1667;3356;231;427;135
22 Piauí;2019;1514;1502;3443;739;1675;777;656;1613;180;294;46
23 Ceará;2019;3408;1869;2662;872;1697;515;491;1055;34;160;13
24 Rio Grande do Norte;2019;584;156;368;60;185;96;26;119;6;28;-
25 Paraíba;2019;946;794;1050;485;697;310;235;207;1;77;12
26 Pernambuco;2019;4937;1921;2969;1402;2210;726;617;1758;157;338;107
27 Alagoas;2019;422;434;533;141;324;188;140;356;12;66;24
28 Sergipe;2019;547;343;774;195;395;171;128;230;33;124;-
29 Bahia;2019;3994;2391;4326;1598;2497;896;1016;2210;159;384;72
31 Minas Gerais;2019;2227;1343;2482;1091;1649;419;693;1219;158;330;15
32 Espírito Santo;2019;536;446;663;384;690;336;301;644;45;134;11
33 Rio de Janeiro;2019;1985;290;1449;820;1445;644;482;898;70;170;59
35 São Paulo;2019;1965;807;1873;1084;1989;1205;952;2076;82;475;27
41 Paraná;2019;1276;866;2624;1058;1376;586;293;552;52;180;7
42 Santa Catarina;2019;524;108;379;306;438;206;99;182;-;52;-
43 Rio Grande do Sul;2019;348;46;134;106;126;67;73;95;7;10;2
50 Mato Grosso do Sul;2019;1204;408;821;185;504;297;206;402;13;29;16
51 Mato Grosso;2019;2340;1488;5332;2238;4132;1824;2204;3955;549;1242;50
52 Goiás;2019;2239;1315;3557;1620;2461;1425;1159;2508;139;307;25
53 Distrito Federal;2019;381;134;213;165;214;73;136;278;27;73;1
11 Rondônia;2020;386;250;477;215;348;178;111;270;34;29;3
12 Acre;2020;79;148;296;3;71;60;27;99;-;32;-
13 Amazonas;2020;173;296;354;64;347;84;55;216;31;42;2
14 Roraima;2020;131;27;209;11;251;-;10;180;-;10;-
15 Pará;2020;1773;1623;3597;1149;2761;776;1196;1736;147;296;60
16 Amapá;2020;44;14;73;6;57;63;21;160;23;33;10
17 Tocantins;2020;1321;539;886;371;910;578;347;1196;96;274;22
21 Maranhão;2020;2687;2407;3374;859;2146;849;932;2311;165;283;73
22 Piauí;2020;832;589;1116;343;432;228;723;765;111;210;12
23 Ceará;2020;2283;1059;1795;582;880;326;435;450;79;127;9
24 Rio Grande do Norte;2020;256;208;359;32;141;2;66;92;2;13;2
25 Paraíba;2020;709;204;344;58;307;125;97;246;8;61;1
26 Pernambuco;2020;3625;897;1590;844;1260;440;553;1220;129;158;60
27 Alagoas;2020;476;299;133;119;195;80;133;105;25;106;7
28 Sergipe;2020;767;230;495;154;179;74;117;308;7;57;2
29 Bahia;2020;2571;1282;1866;763;1553;344;508;1315;90;207;54
31 Minas Gerais;2020;1590;388;1480;702;1052;684;258;745;113;155;11
32 Espírito Santo;2020;108;21;148;56;114;65;41;85;-;2;-
33 Rio de Janeiro;2020;1069;317;693;618;924;416;318;569;123;109;9
35 São Paulo;2020;1597;368;1204;993;920;598;745;1089;74;284;9
41 Paraná;2020;942;184;1583;588;818;440;210;573;63;177;-
42 Santa Catarina;2020;261;129;161;50;165;255;24;92;10;46;2
43 Rio Grande do Sul;2020;122;26;66;50;90;18;18;168;14;7;-
50 Mato Grosso do Sul;2020;640;133;397;114;366;142;140;153;5;73;-
51 Mato Grosso;2020;1872;1028;3136;1057;2841;1101;1493;3040;391;1229;42
52 Goiás;2020;1609;760;1890;901;1368;627;775;1286;127;294;18
53 Distrito Federal;2020;396;59;186;173;152;94;95;130;39;55;-